<?xml version="1.0" encoding="GB2312"?>
<databaseConfig>
	<resources>
<!-- 	<resource type="jdbc" name="als"  jndiName="java:comp/env/jdbc/als" > -->
<!-- 			<driver>com.ibm.db2.jcc.DB2Driver</driver> -->
<!-- 			<url>jdbc:db2://106.0.49.66:50000/ALS7UAT1</url> -->
<!-- 			<user>als7</user> -->
<!-- 			<password>als7</password> -->
<!-- 			<loginTimeout>0</loginTimeout> -->
<!-- 			<logWriter>system.out</logWriter> -->
<!-- 			<maxActive>20</maxActive> -->
<!-- 			<maxWait>10000</maxWait> -->
<!-- 			<maxIdle>20</maxIdle> -->
<!-- 		</resource> -->

		<resource type="jdbc" name="als"  jndiName="java:comp/env/jdbc/als" >
			<driver>com.ibm.db2.jcc.DB2Driver</driver>
			<url>jdbc:db2://106.0.49.66:50000/ncmsuat1"</url>
			<user>als7</user>
			<password>test66</password>
			<loginTimeout>0</loginTimeout>
			<logWriter>system.out</logWriter>
			<maxActive>20</maxActive>
			<maxWait>10000</maxWait>
			<maxIdle>20</maxIdle>
		</resource>
	</resources>
	
</databaseConfig>